{
  "correlations": {
    "L_val": 0.24821128451380547,
    "gap": 0.18300120048019208,
    "impr": 0.3579831932773109,
    "loss_cv": 0.21632653061224494,
    "grad_cv": 0.20499399759903958,
    "L_tr_last": 0.12883553421368543,
    "grad_norm_mean": 0.048067226890756265
  },
  "sorted_by_strength": [
    [
      "impr",
      0.3579831932773109
    ],
    [
      "L_val",
      0.24821128451380547
    ],
    [
      "loss_cv",
      0.21632653061224494
    ],
    [
      "grad_cv",
      0.20499399759903958
    ],
    [
      "gap",
      0.18300120048019208
    ],
    [
      "L_tr_last",
      0.12883553421368543
    ],
    [
      "grad_norm_mean",
      0.048067226890756265
    ]
  ],
  "medians": {
    "L_val": 1.1290364563465118,
    "L_tr_last": 1.059824776649475,
    "gap": 0.08909565550940379,
    "impr": 0.7647426366806032,
    "loss_cv": 0.24682475805736925,
    "grad_cv": 0.3187585471865791,
    "grad_norm_mean": 1.2965674074323938
  },
  "iqrs": {
    "L_val": 0.08539902877349115,
    "L_tr_last": 0.11998983770608906,
    "gap": 0.08802357017993917,
    "impr": 0.8205107450485231,
    "loss_cv": 0.07038958673565215,
    "grad_cv": 0.08176673537572016,
    "grad_norm_mean": 1.556700501250485
  }
}