{
  "warmup_metrics": {
    "L_val": [
      1.0876623392105103,
      1.4491927112851823,
      1.1245059221982956,
      1.0802223980426788,
      1.2093143004637499,
      1.1914307475090027,
      1.8206571425710405,
      1.199581960072884,
      1.1290364563465118,
      1.1679825697626387,
      1.0756760984659195,
      1.1214657574892044,
      1.1229995861649513,
      1.1873245239257812,
      1.0987488925457
    ],
    "L_tr_last": [
      1.1350697576999664,
      1.521140944957733,
      1.059824776649475,
      0.9893445312976837,
      1.0180634409189224,
      1.035239315032959,
      1.6054832816123963,
      0.7894305497407913,
      0.9925724327564239,
      1.078886914253235,
      0.9941065192222596,
      1.0695385873317718,
      1.0276866912841798,
      1.1170798778533935,
      1.2983874678611755
    ],
    "gap": [
      0,
      0,
      0.06468114554882054,
      0.0908778667449951,
      0.19125085954482746,
      0.1561914324760436,
      0.21517386095864421,
      0.4101514103320928,
      0.1364640235900879,
      0.08909565550940379,
      0.08156957924365993,
      0.051927170157432645,
      0.09531289488077155,
      0.07024464607238778,
      0
    ],
    "impr": [
      0.4073365509510041,
      1.4754601120948794,
      0.7647426366806032,
      2.181482547521591,
      0.433107352256775,
      1.9734938383102416,
      1.267488133907318,
      2.314427563548088,
      0.9283446729183197,
      1.1740841388702392,
      0.7437100291252137,
      0.506099808216095,
      0.5958269476890563,
      0.6296580076217653,
      0.31345114707946786
    ],
    "loss_cv": [
      0.18376122212988685,
      0.3770634382836636,
      0.22352897137584288,
      0.24669081972255685,
      0.2744359155262661,
      0.2806097094284684,
      0.337168933884183,
      0.6707059723066019,
      0.20607087786339193,
      0.2897693132820707,
      0.180762846220444,
      0.25340306698741144,
      0.24682475805736925,
      0.15593447753053225,
      0.23414456581380208
    ],
    "grad_cv": [
      0.26457487335776636,
      0.27737028473087116,
      0.17102706175569074,
      0.3318737124219644,
      0.2823285287010112,
      0.21130872673896128,
      0.16717610197262459,
      0.36455513356075286,
      0.30313851938531566,
      0.4196731917555647,
      0.3257612972571676,
      0.3652194811960056,
      0.615993751384343,
      0.3187585471865791,
      0.34092349527932503
    ],
    "grad_norm_mean": [
      1.813651614202664,
      5.123465982405997,
      0.7772929890299213,
      1.9243636802136201,
      1.2189780564814081,
      3.606807472055145,
      4.7265463177201195,
      2.9143982162784354,
      0.5945163541779259,
      0.7018732900132401,
      0.8686493826916537,
      1.2965674074323938,
      1.1762427955687873,
      0.8567115112994316,
      1.4811287480286277
    ]
  },
  "medians": {
    "L_val": 1.1290364563465118,
    "L_tr_last": 1.059824776649475,
    "gap": 0.08909565550940379,
    "impr": 0.7647426366806032,
    "loss_cv": 0.24682475805736925,
    "grad_cv": 0.3187585471865791,
    "grad_norm_mean": 1.2965674074323938
  },
  "iqrs": {
    "L_val": 0.08539902877349115,
    "L_tr_last": 0.11998983770608906,
    "gap": 0.08802357017993917,
    "impr": 0.8205107450485231,
    "loss_cv": 0.07038958673565215,
    "grad_cv": 0.08176673537572016,
    "grad_norm_mean": 1.556700501250485
  },
  "is_ready": true
}